tweet_id,text,immigration_human,climate change_human,renewable energy_human,traditional energy_human,inequality_human,social policy_human,taxation_human,labour market_human,international trade_human,economics_human,european union_human,public health_human,gender rights_human,civil rights_human,political rights_human,connecting_human,elections/voting_human,self-promotion_human,anti-establishment_human,immigration_bert,climate change_bert,renewable energy_bert,traditional energy_bert,inequality_bert,social policy_bert,taxation_bert,labour market_bert,international trade_bert,economics_bert,european union_bert,public health_bert,gender rights_bert,civil rights_bert,political rights_bert,connecting_bert,elections/voting_bert,self-promotion_bert,anti-establishment_bert
1700599,RT @miro5ek: This is an unprecedented scandal: migrants can infect animals. What about us? Aha. Another department takes care of that. The department you manage...,1,0,0,0,0,0,0,0,0,0,0,0,0,0,0,0,0,0,0,1,0,0,0,0,0,0,0,0,0,0,0,0,0,0,0,0,0,0
3274986,"What is the meaning of how the rest of the opposition will vote, if the Left supported the PiS into the dark?",0,0,0,0,0,0,0,0,0,0,0,0,0,0,0,0,1,0,0,0,0,0,0,0,0,0,0,0,0,0,0,0,0,0,0,1,0,1
1879679,"EC has confirmed compliance with the principles of public aid in the EU, Czech partial plans to compensate for energy-intensive companies of higher electricity prices resulting from emission costs under the EU emission allowance trading system (EU ETS).",0,1,0,1,0,0,0,0,0,0,1,0,0,0,0,0,0,0,0,0,1,1,0,0,0,0,0,0,0,1,0,0,0,0,0,0,0,0
1409991,The Court of Strasbourg asks for Italy to review rules on life -stressing life imprisonment.@Fratelliditaiia says no discounts of punishment for those who commit crimes punishable with#life imprisonment.In Italy of inhuman there is only the condition in which the relatives of the victims live awaiting justice.https://t.co/wvcd2eieef,0,0,0,0,0,1,0,0,0,0,0,0,0,0,0,0,0,0,0,0,0,0,0,0,0,0,0,0,0,0,0,0,1,0,0,0,0,0
688663,RT @ellensandell: For >1yr Greens&community have asked that EWtollroad houses be used for social housing. Finally maybe some action? https:‚Ä¶,0,0,0,0,0,1,0,0,0,0,0,0,0,0,0,0,0,0,0,0,0,0,0,0,1,0,0,0,0,0,0,0,0,0,0,0,0,0
382556,"Rt @alex_bensaid: üìª #narretepasleco is now @Franceinter

On the menu: catching up the best books and 2020 movies for understanding ...",0,0,0,0,0,0,0,0,0,0,0,0,0,0,0,1,0,0,0,0,0,0,0,0,0,0,0,0,0,0,0,0,0,0,1,0,0,0
2762985,"Less 20!Are you organizing yourself too?It will be a historic day, friends.
üáÆüáπ Info: https://t.co/pmnw4oladp https://t.co/egswqotjeh",0,0,0,0,0,0,0,0,0,0,0,0,0,0,0,0,1,1,0,0,0,0,0,0,0,0,0,0,0,0,0,0,0,0,0,1,1,0
2649135,RT @jenbechwati: 111 cases in Sydney tomorrow. According to the TikTok guy who‚Äôs been getting leaks from NSW health for 3 days now. üëáüèª http‚Ä¶,0,0,0,0,0,0,0,0,0,0,0,1,0,0,0,0,0,0,0,0,0,0,0,0,0,0,0,0,0,0,1,0,0,0,0,0,0,0
529107,I'll tell you that I tried 5 years ago.I went to California and introduced a plan to welcome them in the Emilian Valley Motor.At the time they told us that they had already chosen the Netherlands for the electricity legislation.It will seem strange but the Tesla factory in California was really primordial https://t.co/sakjnrllhr,0,0,1,0,0,0,0,0,0,0,0,0,0,0,0,0,0,0,0,0,0,1,0,0,0,0,0,0,0,0,0,0,0,0,0,0,0,0
2250157,"RT @iurkullu: üî¥ Today is a day of memory, thank you and awareness.I remember all the people who have died in these ...",0,0,0,0,0,0,0,0,0,0,0,0,0,0,0,1,0,0,0,0,0,0,0,0,0,0,0,0,0,0,0,0,0,0,1,0,0,0
1880774,The average price of the electricity supply contract on TGE in January increased to PLN 163.95 / MWh,0,0,0,1,0,0,0,0,0,0,0,0,0,0,0,0,0,0,0,0,0,0,1,0,0,0,0,0,1,0,0,0,0,0,0,0,0,0
206291,"Today is the 146th anniversary of the 1st sitting of the 1st Parliament in Canada. Speaker was James Cockburn, MP for Northumberland West.",0,0,0,0,0,0,0,0,0,0,0,0,0,0,1,0,0,0,0,0,0,0,0,0,0,0,0,0,0,0,0,0,0,0,0,0,1,0
3084808,"Uniting #Spain is to unite the Spaniards.And for that the next #28a must serve.Our country needs to strengthen its collective ties to face the great challenges we have ahead of education, pensions, economy or welfare state.#S√°nchezenrtve https://t.co/O8w5iteath",0,0,0,0,0,1,0,1,0,1,0,0,0,0,0,0,0,0,0,0,0,0,0,0,1,0,0,0,1,0,0,0,0,0,0,0,0,0
1787249,"This year, 308 hospital departments were suspended for a shorter or longer period - most often they were obstetrics, pediatric, internist, surgical or neurological departments.The calculations of the Supreme Medical Chamber show that the deficiencies of doctors reach 68,000.",0,0,0,0,0,0,0,0,0,0,0,1,0,0,0,0,0,0,0,0,0,0,0,0,0,0,0,0,0,0,1,0,0,0,0,0,0,0
1471805,RT @kanin_46: The hardest hit are the people who are actually on the run and whose right to asylum is denied. https://t.co/Qzpq9jzpSl we‚Ä¶,1,0,0,0,0,0,0,0,0,0,0,0,0,0,0,0,0,0,0,1,0,0,0,0,0,0,0,0,0,0,0,0,1,0,0,0,0,0
458523,"On this day last year, the Supreme Court breathed life into the words engraved in the building‚Äôs marble pediment: ‚ÄòEqual Justice under Law.‚Äô",0,0,0,0,0,0,0,0,0,0,0,0,0,0,1,0,0,0,0,0,0,0,0,0,0,0,0,0,0,0,0,0,1,1,0,0,0,0
1396778,100% Christian Union. Nice landing at the Kieswijzer. https://t.co/yvDjp84Rxh,0,0,0,0,0,0,0,0,0,0,0,0,0,0,0,0,1,1,0,0,0,0,0,0,0,0,0,0,0,0,0,0,0,0,1,0,0,0
1864105,"In January 2021, the production of beer obtained from malt decreased by 8.8 percent.against January 2020 and amounted to 2.69 million hectoliters.",0,0,0,0,0,0,0,0,0,0,0,0,0,0,0,0,0,0,0,0,0,0,0,0,0,0,0,0,1,0,0,0,0,0,0,0,0,0
3265370,"# Europe is not ready to face what is happening in the world. As the #EU, we should do more for foreign policy
@ i24news
ST",0,0,0,0,0,0,0,0,1,0,1,0,0,0,0,0,0,0,0,0,0,0,0,0,0,0,0,1,0,1,0,0,0,0,0,0,0,1
962267,"Harper's budget bill removes bears, caribou, beavers, forests -- almost all environmental components - from EA. #cdnpoli #antinature",0,1,0,0,0,0,0,0,0,0,0,0,0,0,0,0,0,0,0,0,1,1,0,0,0,0,0,0,0,0,0,0,0,0,0,0,0,0
3525874,"RT @Cumbria_24: ¬£2.75 million RGF grant will create 500 jobs and could ""tranform"" Kendal says MP @Timfarron  #cumbria #RGF    http://t.c ...",0,0,0,0,0,0,0,1,0,1,0,0,0,0,0,0,0,0,0,0,0,0,0,0,0,0,1,0,0,0,0,0,0,0,0,0,1,0
2316017,"According to the Federal Statistical Office, every fifth person is affected by poverty. We need minimum wages, guaranteed pensions, more social security!",0,0,0,0,1,1,0,0,0,0,0,0,0,0,0,0,0,0,0,0,0,0,0,1,1,0,0,0,0,0,0,0,0,0,0,0,0,0
1419912,"Italy will increase its contribution to the global fund for the fight against AIDS, tuberculosis and malaria for 2020/22.Reduce inequalities, strengthen the health systems of developing countries and put an end to the epidemics are priorities that we must pursue #G7biarritz https://t.co/268fbedbif",0,0,0,0,0,0,0,0,0,0,0,1,0,0,0,0,0,0,0,0,0,0,0,1,0,0,0,0,0,0,1,0,0,0,0,0,0,0
2105599,"RT @kimkataguiri: Bolsonaro: interferes with PF to protect your child
Congress: Notinha de repudiation

Bolsonaro: threat democracy
Congress:‚Ä¶",0,0,0,0,0,1,0,0,0,0,0,0,0,0,1,0,0,0,0,0,0,0,0,0,0,0,0,0,0,0,0,0,1,1,0,0,0,1
1756227,"Bloody Brent
56.56 USD
Buy WTI
53.54 USD
Bloody Ural
53.70 USD",0,0,0,1,0,0,0,0,0,0,0,0,0,0,0,0,0,0,0,0,0,0,1,0,0,0,0,0,1,0,0,0,0,0,0,0,0,0
210895,"Next week in Parliament, the debate will begin on my bill, the Support for New Parents Act, because the government should not tax the time parents spend with their child in the early years. More: https://t.co/IF5T885nqo https://t.co/GIZt9DhrkC",0,0,0,0,0,1,1,0,0,0,0,0,0,0,0,0,0,0,0,0,0,0,0,0,1,1,0,0,0,0,0,0,0,0,0,0,1,0
1565746,We're going to make college debt-free for everyone in America. See how much you could save with Hillary's plan at https://t.co/AXzJpLG4no. https://t.co/xsryGoycRy,0,0,0,0,0,1,0,0,0,0,0,0,0,0,0,0,0,0,0,0,0,0,0,0,1,0,0,0,1,0,0,0,0,0,0,0,1,0
1143916,"RT @beltrandelrio: They talk about ""change"" but then one of their main elected officials sends his driver, armed and with wads of cash‚Ä¶",0,0,0,0,0,0,0,0,0,0,0,0,0,0,0,0,0,0,1,0,0,0,0,0,0,0,0,0,0,0,0,0,0,0,0,0,0,1
1633923,"One of the main sources of violence is corruption. Creating a ministry, far from fighting it, is intensifying.",0,0,0,0,0,0,0,0,0,0,0,0,0,0,0,0,0,0,1,0,0,0,0,0,0,0,0,0,0,0,0,0,0,0,0,0,0,1
1512837,"And if everyone (parties, professionals, WG/WN) wants tax reform with lower labor taxes, legal certainty & simplicity, then why wait?",0,0,0,0,0,0,1,1,0,0,0,0,0,0,0,0,0,0,0,0,0,0,0,0,0,1,1,0,0,0,0,0,0,0,0,0,0,0
3067608,Good morning. Democracy. To vote and to win! :),0,0,0,0,0,0,0,0,0,0,0,0,0,0,0,0,1,0,0,0,0,0,0,0,0,0,0,0,0,0,0,0,0,0,0,1,0,0
3457637,"RT @ristomurto: The Commission became a proposal from the EU's subsequent common ""recovery medium"".The EU's EUR 70 billion fund, where the money emissions ...",0,0,0,0,0,0,0,0,0,1,1,0,0,0,0,0,0,0,0,0,1,0,0,0,0,0,0,0,0,1,0,0,0,0,0,0,0,0
2662697,"The first objective that we all have to have is to take care of the health of Mexicans and who do not lose their work or family income.We are ready to support the necessary measures, we only ask that the government listen and allow yourself to help.
https://t.co/zs8jhmkjam.",0,0,0,0,0,1,0,0,0,0,0,1,0,0,0,0,0,0,0,0,0,0,0,0,1,0,0,0,0,0,1,0,0,0,0,0,0,0
766925,"Aust candidate @OECD is climate wrecker. Tore down carbon price, backs 'gas led' recovery, #Adani coal. Join efforts in Commons to oppose.",0,1,1,0,0,0,0,0,0,0,0,0,0,0,0,0,0,0,0,0,1,1,1,0,0,0,0,0,0,0,0,0,0,0,0,0,0,1
3141573,"RT @theJagmeetSingh: We don‚Äôt have a problem with too much support for people who need it.

We have a problem with too little pay for worki‚Ä¶",0,0,0,0,0,1,0,1,0,1,0,0,0,0,0,0,0,0,0,0,0,0,0,0,1,0,1,0,0,0,0,0,0,0,0,0,0,0
2113380,"We need to stand up as a nation ‚Äî with the Black community and with all minority communities ‚Äî and come together as one America. Because the pain is too immense for one community to bear alone.
 
It is the duty of every American to grapple with it ‚Äî and grapple with it now.",0,0,0,0,0,0,0,0,0,0,0,0,0,1,0,0,0,0,0,0,0,0,0,1,0,0,0,0,0,0,0,0,1,0,0,0,0,0
1993079,"""Ecology is the cornerstone of social dignity and climate justice""

@Lesoir #flagey https://t.co/gb7fjk1w8s",0,1,0,0,0,0,0,0,0,0,0,0,0,0,0,0,0,0,0,0,1,0,0,1,0,0,0,0,0,0,0,0,0,0,0,0,0,0
3017318,"RT @SenCiudadanoMX: Unfortunately, in our country, employment for people with disabilities depends more on the good will that exists in‚Ä¶",0,0,0,0,1,1,0,1,0,0,0,0,0,0,0,0,0,0,0,0,0,0,0,0,1,0,1,0,0,0,0,0,0,0,0,0,0,0
1337664,"""In six months there will be treatments that reduce deaths by Covid at flu levels"" https://t.co/uauif1x94sz via @larazon_es",0,0,0,0,0,0,0,0,0,0,0,1,0,0,0,0,0,0,0,0,0,0,0,0,0,0,0,0,0,0,1,0,0,0,0,0,0,0
1888838,"The study commissioned by the LEGO blocks producer revealed that LEGO toys fixed harmful stereotypes about gender, https://t.co/cdyrnlszip.That boys should not play toys considered typically girls - the daily ""The Guardian"".",0,0,0,0,0,0,0,0,0,0,0,0,1,0,0,0,0,0,0,0,0,0,0,0,0,0,0,0,0,0,0,1,1,0,0,0,0,0
766729,"RT @MarkOgge: AEMO projecting a collapse in residential and commercial gas demand in eastern Australia- falling by 65% by 2040 

This is be‚Ä¶",0,0,0,1,0,0,0,0,0,0,0,0,0,0,0,0,0,0,0,0,1,1,1,0,0,0,0,0,0,0,0,0,0,0,0,0,0,0
2045514,RT @TOgreenhouse: What are @LoyaltyOneInc and @RBC doing about #Environmental #Sustainability? Find out Feb 22nd: http://ow.ly/3R3kr #To ...,0,1,1,0,0,0,0,0,0,0,0,0,0,0,0,0,0,0,0,0,1,1,0,0,0,0,0,0,0,0,0,0,0,0,0,0,0,0
836135,"how to put water and sewage treatment in riverside cities to avoid pollution, define clear rules on where not to build dams...",0,1,0,0,0,0,0,0,0,0,0,0,0,0,0,0,0,0,0,0,1,1,0,0,0,0,0,0,0,0,0,0,0,0,0,0,0,0
3093132,The sanctions on Crimea will remain for a long time and it would be bad for Finland to slip away from the EU's common front - the campaign team tweets. #Presidentialelection2018,0,0,0,0,0,0,0,0,1,0,1,0,0,0,0,0,0,0,0,0,0,0,0,0,0,0,0,1,0,1,0,0,0,0,0,0,0,0
3659514,RT @mlcaritas: And soon we will hear again that the poor have to save because we can no longer afford all that...,0,0,0,0,1,0,0,0,0,0,0,0,0,0,0,0,0,0,0,0,0,0,0,1,1,0,0,0,0,0,0,0,0,0,0,0,0,0
3529513,"RT @LibDemPress: There is a humanitarian crisis on our doorstep, but UK Government appears disengaged, cold and irrelevant @timfarron http:‚Ä¶",0,0,0,0,0,0,0,0,0,0,0,0,0,1,0,0,0,0,0,0,0,0,0,0,0,0,0,0,0,0,0,0,1,0,0,0,0,0
2686902,We went to the Attorney General's Office in the capital to demand that the persecution against Alejandro Robles cease. https://t.co/geHUm0jXUd,0,0,0,0,0,0,0,0,0,0,0,0,0,0,0,0,0,1,0,0,0,0,0,0,0,0,0,0,0,0,0,0,1,1,0,0,0,1
30103,"RT @europapress: INTERVIEW | Albert Rivera believes that Ciudadanos will remove voters from the PSOE if S√°nchez continues ""podemizing"" https://t.co/sDP9‚Ä¶",0,0,0,0,0,0,0,0,0,0,0,0,0,0,0,0,1,0,0,0,0,0,0,0,0,0,0,0,0,0,0,0,0,0,0,1,0,1
2204089,Republicans breaking budget rules to pass spending cuts far beyond the sequester levels. Shameful!!!,0,0,0,0,0,0,0,0,0,0,0,0,0,0,0,0,0,0,1,0,0,0,0,0,0,1,0,0,1,0,0,0,0,0,0,0,0,1
1731204,"Being in Jeddah, I asked Arab how is it that 99% of people believe in God? He shrugged his shoulders and replied, ""If you want your wife to cheat on you and your children not to obey - tell them there is no God!"" Christ ""descended into Hell"" - and this is proof that Hell exists!",0,0,0,0,0,0,0,0,0,0,0,0,1,0,0,0,0,0,0,0,0,0,0,0,0,0,0,0,0,0,0,0,1,0,0,0,0,0
866878,I posted a new photo to Facebook http://t.co/A9cAi3LwkB,0,0,0,0,0,0,0,0,0,0,0,0,0,0,0,0,0,1,0,0,0,0,0,0,0,0,0,0,0,0,0,0,0,0,0,0,1,0
2252874,‚ÄúEvery cent raised by the increase in the Medicare levy will be allocated to a special fund over the next decade‚Äù - PM #DisabilityCare,0,0,0,0,0,0,0,0,0,0,0,1,0,0,0,0,0,0,0,0,0,0,0,0,1,0,0,0,0,0,1,0,0,0,0,0,0,0
2977210,"The minister of tax amnesty and VAT speaks of ""collection deficiencies"" #mascaraqueespalda",0,0,0,0,0,0,1,0,0,0,0,0,0,0,0,0,0,0,0,0,0,0,0,0,0,1,0,0,0,0,0,0,0,0,0,0,0,0
2372410,"RT @KalleLarssonV: on the Refugee Blog today about #pastorjean: ""Ejected from Sweden - tortured last night"" RT! http://t.co/AEgKAM7X",1,0,0,0,0,0,0,0,0,0,0,0,0,1,0,0,0,0,0,1,0,0,0,0,0,0,0,0,0,0,0,0,1,0,0,0,0,0
1225109,Walmart and other supermarket chains probably buy and sell illegal fish. Do not care? 60% of fishing in Mexico is illegal...,0,0,0,0,0,0,0,0,0,0,0,0,0,0,0,0,0,0,0,0,0,0,0,0,0,0,0,1,0,0,0,0,0,0,0,0,0,0
1647977,Inspiring meeting with the Ambassador of Bangladesh H.E. Mr. Riaz Hamidullah. https://t.co/0uajx4nmKM,0,0,0,0,0,0,0,0,0,0,0,0,0,0,0,0,0,1,0,0,0,0,0,0,0,0,0,0,0,0,0,0,0,0,1,0,1,0
1250877,RT @JosepGinesta: (1/2) Surely Evole will support us to build the Catalan Republic that can exercise the powers it does not have...,0,0,0,0,0,0,0,0,0,0,0,0,0,0,1,0,0,0,0,0,0,0,0,0,0,0,0,0,0,0,0,0,0,0,0,0,0,1
490705,Isn't the Nabintu H√¶rland interview with Toje primarily a study in interview technique? http://t.co/r39TJ8GG,0,0,0,0,0,0,0,0,0,0,0,0,0,0,0,1,0,0,0,0,0,0,0,0,0,0,0,0,0,0,0,0,0,0,0,0,1,0
689943,"RT @bencubby: Emissions started to rise sharply once carbon price was removed. Surprise, surprise. #qanda",0,1,0,1,0,0,0,0,0,0,0,0,0,0,0,0,0,0,0,0,1,1,0,0,0,0,0,0,0,0,0,0,0,0,0,0,0,0
326367,This week‚Äôs Friday Facts looks at the steps the President is taking to help struggling homeowners: http://t.co/QJDpZGX7,0,0,0,0,0,1,0,0,0,0,0,0,0,0,0,0,0,0,0,0,0,0,0,1,1,0,0,0,0,0,0,0,0,0,0,0,1,0
456076,News Update: Say No to Austerity: http://t.co/Rn2RLB9P #Vermont #p2 #Bernie2012,0,0,0,0,0,0,0,0,0,1,0,0,0,0,0,0,0,0,0,0,0,0,0,0,0,0,0,0,1,0,0,0,0,0,0,0,0,0
1821619,GUS: Increase in retail sales in July amounted to 3 percent.,0,0,0,0,0,0,0,0,0,1,0,0,0,0,0,0,0,0,0,0,0,0,0,0,0,0,0,0,1,0,0,0,0,0,0,0,0,0
831067,[On My Site] Cristovam Buarque wants to hear young protesters in session in the Senate http://t.co/lixmx51cUB,0,0,0,0,0,0,0,0,0,0,0,0,0,0,0,0,0,1,0,0,0,0,0,0,0,0,0,0,0,0,0,0,0,0,0,1,1,0
513062,"Bundaberg: River was still at 9m this morning. 2000 homes affected, 1000 inhabitable. -- PT #bigwet",0,1,0,0,0,0,0,0,0,0,0,0,0,0,0,0,0,0,0,0,1,0,0,0,0,0,0,0,0,0,0,0,0,0,0,0,0,0
3577575,RT @agdervenstre: Clear message from @trinesg and the Minister of Health: #Flekkefjord hospital will continue to be an emergency hospital with surgeons https:‚Ä¶,0,0,0,0,0,0,0,0,0,0,0,1,0,0,0,0,0,0,0,0,0,0,0,0,0,0,0,0,0,0,1,0,0,0,0,0,0,0
2826033,"#Trade strengthens American paychecks, American jobs, and the American #economy. #TPA creates a stronger America. #TPA4USjobs",0,0,0,0,0,0,0,1,1,1,0,0,0,0,0,0,0,0,0,0,0,0,0,0,0,0,0,1,1,0,0,0,0,0,0,0,0,0
2182965,"RT @GretaThunberg: ‚ÄùLabour launches bid to declare a national climate emergency.‚Äù
Hopeful! Hope other political parties all over the world‚Ä¶",0,1,0,0,0,0,0,0,0,0,0,0,0,0,0,0,0,0,0,0,1,0,0,0,0,0,0,0,0,0,0,0,0,0,0,0,0,0
3354077,4) Yazidi refugee camp #Iraq Children admire our football. I wish they could admire our humanity #StopISIS http://t.co/fXRyB7TiDJ,1,0,0,0,0,0,0,0,0,0,0,0,0,0,0,0,0,0,0,1,0,0,0,0,0,0,0,0,0,0,0,0,1,0,0,0,0,0
3427183,"Today I spoke in support of tax extenders bill & need for Congress to pass long-term, fiscally responsible tax reform http://t.co/Qqu6dgsAQ1",0,0,0,0,0,0,1,0,0,0,0,0,0,0,0,0,0,0,0,0,0,0,0,0,0,1,0,0,0,0,0,0,0,0,0,0,0,0
3388888,RT @Cronulla_Sharks: An ELECTRIC Toyota Stadium is BELTING out Up Up Cronulla with all their hearts. Well deserved. #CSFC12 #NRLcromel,0,0,1,0,0,0,0,0,0,0,0,0,0,0,0,0,0,0,0,0,0,1,0,0,0,0,0,0,0,0,0,0,0,0,0,0,0,0
2065192,People‚Äôs #Climate March poster design contest winner now an ad in NYC subways by James Jean #PeoplesClimate http://t.co/RvLezquVGy,0,1,0,0,0,0,0,0,0,0,0,0,0,0,0,0,0,0,0,0,1,1,0,0,0,0,0,0,0,0,0,0,0,0,0,0,0,0
3141857,"RT @PresidentCLC: Canada's unions are concerned the new Lockdown Benefit will leave behind too many of the 800,000+ workers who are losing‚Ä¶",0,0,0,0,0,1,0,1,0,0,0,0,0,0,0,0,0,0,0,0,0,0,0,0,1,0,1,0,0,0,0,0,0,0,0,0,0,0
3033326,It just doesn‚Äôt make sense to lavishly subsidize wealthy people w/ your taxpayer $. Let's cut the corporate welfare: http://t.co/nMx2bO7r,0,0,0,0,1,0,1,0,0,0,0,0,0,0,0,0,0,0,0,0,0,0,0,1,0,1,0,0,0,0,0,0,0,0,0,0,0,1
2029194,"Today @Debbie_abrahams launches Labour's Disability Equality Roadshow, ensuring participation by disabled people in our policy development. https://t.co/sTJNAoNdtP",0,0,0,0,0,0,0,0,0,0,0,0,0,1,0,0,0,0,0,0,0,0,0,1,1,0,0,0,0,0,0,0,1,0,0,0,0,0
1311720,"RT @PatGarret4: #Unemployment increased by 24,841 people in November, its biggest increase in this month since 2012. The government will maintain the reform l‚Ä¶",0,0,0,0,0,0,0,1,0,0,0,0,0,0,0,0,0,0,0,0,0,0,0,0,0,0,1,0,0,0,0,0,0,0,0,0,0,0
689082,"RT @sokra_tease: Dump the divisive, expensive Plebiscite.
Voting against Marriage Equality won't stop people L‚ô°VING who they choose. https:‚Ä¶",0,0,0,0,0,0,0,0,0,0,0,0,0,1,0,0,0,0,0,0,0,0,0,0,0,0,0,0,0,0,0,1,0,1,0,0,0,0
3304907,But Puigdemont does not represent Catalanism but rather the national independence coup. That is why yesterday he proposed a referendum for Catalonia to leave EUROPE. https://t.co/NGTOOrsEkM,0,0,0,0,0,0,0,0,0,0,0,0,0,0,0,0,1,0,0,0,0,0,0,0,0,0,0,0,0,1,0,0,0,0,0,0,0,1
2033013,"The government must act urgently to end any contracts it has with P&O following yesterday‚Äôs disgusting and immediate firing of 800 workers.

Join me outside DP World at 4pm to demand action action with @RMTunion. https://t.co/grIEei62Yj",0,0,0,0,0,0,0,1,0,0,0,0,0,0,0,0,0,0,0,0,0,0,0,0,0,0,1,0,0,0,0,0,0,0,0,0,0,0
3604022,"If you as a Dane want to follow that day by day escalating political conflict in Hong Kong between the citizens on the one hand and on the other hand police (read: China), follow @politiken @clausblok.The hat off for the journalistic cover you get there.#dkpol https://t.co/dtr5rjeexj",0,0,0,0,0,0,0,0,0,0,0,0,0,0,1,0,0,0,0,0,0,0,0,0,0,0,0,0,0,0,0,0,1,1,0,0,0,1
1173697,RT @EPP_CoR: Happy Birthday #Erasmus üá™üá∫ since 30 years bringing European students closer and facilitating unique educational cultural excha‚Ä¶,0,0,0,0,0,0,0,0,0,1,0,0,0,0,0,0,0,0,0,0,0,0,0,0,0,0,0,0,0,1,0,0,0,0,1,0,0,0
1009623,RT @JulietONeill: What the @CanadianGreens propose on #climatechange is their  big thing but I was curious what else they stand for. #elxn2‚Ä¶,0,1,0,0,0,0,0,0,0,0,0,0,0,0,0,0,0,0,0,0,1,0,0,0,0,0,0,0,0,0,0,0,0,0,0,0,0,0
3726229,"http://t.co/eCS56ePQvY - By agreeing to participate in the BAPE, Trans Canada recognized the jurisdiction of Quebec. We must at least wait.",0,0,0,0,0,0,0,0,0,0,0,0,1,0,0,0,0,0,0,0,0,0,0,0,0,0,0,1,0,0,0,0,0,0,0,0,0,0
3377307,"RT @Foro_MAD: üåê Great first day of the I Foro Madrid Regional Meeting!

There where Freedom, Democracy and the Rule of Law‚Ä¶",0,0,0,0,0,0,0,0,0,0,0,0,0,0,1,0,0,0,0,0,0,0,0,0,0,0,0,0,0,0,0,0,0,1,0,1,0,0
2591512,RT @PPopular: It is essential that we invest in education and training @marianorajoy #RajoyEnLaSER https://t.co/t6pqc9AB86,0,0,0,0,0,1,0,0,0,0,0,0,0,0,0,0,0,0,0,0,0,0,0,0,1,0,0,0,0,0,0,0,0,0,0,0,0,0
949870,The President of the Republic was very clear yesterday: it is not the time to think about expanding the European Union.Let us start the reforms necessary to strengthen the EU before opening up to new Balkan partners.,0,0,0,0,0,0,0,0,0,0,1,0,0,0,0,0,0,0,0,0,0,0,0,0,0,0,0,1,0,1,0,0,0,0,0,0,0,0
181833,EPN says that it will not sell its new plane because it needs it. Can't travel on commercial lines? What is austerity populism?,0,0,0,0,0,0,0,0,0,0,0,0,0,0,0,0,0,0,1,0,0,0,0,0,0,0,0,0,0,0,0,0,0,0,0,0,0,1
3592465,RT @alternativet_: Big day today! Majority in favor of our proposal with @Enhedslisten to remove transgender people from the list of diseases #dkpol ‚ù§Ô∏èüíõüíöüíôüíú htt...,0,0,0,0,0,0,0,0,0,0,0,0,1,1,0,0,0,0,0,0,0,0,0,0,0,0,0,0,0,0,0,1,0,0,0,0,0,0
1812136,"Import of energy, which in May amounted to over 1.2 TWh to a bit over 1 TWh in April and less than 0.9 TWh in May 2020.This means an increase in imports in May 2020, respectively by almost 24 and over 41 percent.We import more than they produce all gas power plants in Poland.",0,0,0,1,0,0,0,0,0,0,0,0,0,0,0,0,0,0,0,0,0,0,1,0,0,0,0,1,1,0,0,0,0,0,0,0,0,0
2665982,"RT @geniusdiaboli: With #LaborReform the rights of workers are nullified, says @martibatres on Radio UNAM http://t.co/UqF3hbtK",0,0,0,0,0,1,0,1,0,0,0,0,0,0,0,0,0,0,0,0,0,0,0,0,0,0,1,0,0,0,0,0,1,0,0,0,0,0
3036907,Yesterday's vote was an extraordinary step necessary to defend Congress's Article I powers under the #Constitution. https://t.co/M0ZaviKIDL,0,0,0,0,0,0,0,0,0,0,0,0,0,0,0,0,1,0,0,0,0,0,0,0,0,0,0,0,0,0,0,0,0,1,0,1,0,0
2038652,"Mixed Signals In Europe's Offshore Wind Market: Industry On Track For 'Best Year Ever,' http://t.co/qkY5ZaFG",0,0,1,0,0,0,0,0,0,0,0,0,0,0,0,0,0,0,0,0,0,1,0,0,0,0,0,0,0,0,0,0,0,0,0,0,0,0
248341,"Is 10.07 on TV4 with Malou today, can you watch!",0,0,0,0,0,0,0,0,0,0,0,0,0,0,0,0,0,1,0,0,0,0,0,0,0,0,0,0,0,0,0,0,0,0,1,0,1,0
3062925,RT @KDUCSL: We promoted that companies are not receiving support from the pockets of Czech taxpayers.This our design ...,0,0,0,0,0,0,1,0,0,0,0,0,0,0,0,0,0,0,0,0,0,0,0,0,0,1,0,0,0,0,0,0,0,0,0,0,1,0
1841693,Gasoline prices since 2014,0,0,0,1,0,0,0,0,0,0,0,0,0,0,0,0,0,0,0,0,0,0,1,0,0,0,0,0,1,0,0,0,0,0,0,0,0,0
941199,"Energy intensive firms are foundation industries. They deserve a government on their side, not missing in action. 

Since the Business Secretary put in his urgent case for support to the Treasury all we have had is silence.

It‚Äôs simply not good enough. https://t.co/LX2croT98r",0,0,0,1,0,0,0,0,0,1,0,0,0,0,0,0,0,0,0,0,0,1,1,0,0,0,0,0,1,0,0,0,0,0,0,0,0,1
1089650,Meeting with Swedish Economy Minister @mikaeldamberg http://t.co/WJFYdcctvM,0,0,0,0,0,0,0,0,0,0,0,0,0,0,0,0,0,1,0,0,0,0,0,0,0,0,0,0,1,0,0,0,0,0,0,0,1,0
3580681,RT @Joop_nl: Watching: Nieuwsuur sees Christian Ghosts in Islam film ... Fuss after gross translation error Nieuwsuur http://t.co/ItWJdnBzYA,0,0,0,0,0,0,0,0,0,0,0,0,0,0,0,0,0,0,0,0,0,0,0,0,0,0,0,0,0,0,0,0,1,0,0,0,0,0
3261728,This morning I was at the FederChimica assembly. Chemistry is a primary sector for @LombardiaOnLine and represents 10% of our GDP,0,0,0,0,0,0,0,0,0,1,0,0,0,0,0,0,0,0,0,0,0,0,0,0,0,0,0,0,1,0,0,0,0,0,0,0,1,0
939178,Today's announcement shows that the energy market is broken. That's why the next Labour govt will freeze energy bills until 2017.,0,0,0,1,0,1,0,0,0,0,0,0,0,0,0,0,0,0,0,0,0,1,1,0,0,0,0,0,1,0,0,0,0,0,0,0,0,0
2355587,Great to run into serious Aust author in Brussels. Tea with King of Belgium. Then slightly stronger tea with @fleech https://t.co/0GkJJ07It8,0,0,0,0,0,0,0,0,0,0,0,0,0,0,0,0,0,1,0,0,0,0,0,0,0,0,0,0,0,0,0,0,0,0,1,0,1,0
3014706,RT @ManceraMiguelMX: With businessmen and merchants we agreed on actions to achieve economic and social stability in #CDMX due to price increases‚Ä¶,0,0,0,0,0,0,0,0,0,1,0,0,0,0,0,0,0,0,0,0,0,0,0,0,1,0,0,0,1,0,0,0,0,0,0,0,0,0
976860,RT @nayrbdier: @CBCTheHouse @ElizabethMay Don't give up Elizabeth. We must get to PR. I am behind you.,0,0,0,0,0,0,0,0,0,0,0,0,0,0,0,0,1,0,0,0,0,0,0,0,0,0,0,0,0,0,0,0,0,0,1,0,0,0
1949275,"Determined, we will be in front of S&P from 6:30 p.m., for those who want to join us earlier. See you tonight ! #AAA #placeaupeuple",0,0,0,0,0,0,0,0,0,0,0,0,0,0,0,0,0,1,0,0,0,0,0,0,0,0,0,0,0,0,0,0,0,0,1,0,1,0
1252646,When you ask Catalonia to wait for the PSOE to want. Again. https://t.co/D8VeIiiXqT,0,0,0,0,0,0,0,0,0,0,0,0,0,0,0,0,0,0,0,0,0,0,0,0,0,0,0,0,0,0,0,0,0,0,0,1,0,1
3186713,RT @jyllandsposten: SF will require unemployed immigrants in training https://t.co/nKvuAiDYcs https://t.co/xOIOZMDb9E,1,0,0,0,0,0,0,1,0,0,0,0,0,0,0,0,0,0,0,1,0,0,0,0,0,0,1,0,0,0,0,0,0,0,0,0,0,0
846182,"Force we remember all together that in February @Giorgiameloni was ""racist"" because he wanted the quarantine for those who arrived from China and @Giuseppeconteit reiterated ""no danger of contagion for Litalia"" .Toh, they were already contingating # Covid_19 https://t.co/ QBWBXGE8EO",0,0,0,0,0,0,0,0,0,0,0,1,0,0,0,0,0,0,0,1,0,0,0,0,0,0,0,0,0,0,1,0,1,0,0,0,0,0
771811,Red tape delaying power plant that would bring jobs to Watervliet Arsenal‚Äìcalling on Army to expedite project http://t.co/pb7sx5tE,0,0,0,1,0,0,0,1,0,0,0,0,0,0,0,0,0,0,0,0,0,0,1,0,0,0,1,0,1,0,0,0,0,0,0,0,0,0
2770573,"#Salvini: I remember some little deputyist who invite restaurateurs to change craft is an insult to people who work.Change craft some deputy no one, rather.#Senate",0,0,0,0,0,0,0,0,0,0,0,0,0,0,0,0,0,0,0,0,0,0,0,0,0,0,0,0,0,0,0,0,0,0,0,0,0,1
1088659,All workers will have an increase in purchasing power. #2017LeD√©bat https://t.co/g1FzHRxpju,0,0,0,0,0,0,0,0,0,1,0,0,0,0,0,0,0,0,0,0,0,0,0,0,0,0,1,0,1,0,0,0,0,0,0,0,0,0
3034661,Sat down with @NorahODonnell today to discuss health care and tax reform. The full interview will air tomorrow on @CBSThisMorning. https://t.co/k8WNuS2uRK,0,0,0,0,0,0,1,0,0,0,0,1,0,0,0,0,0,1,0,0,0,0,0,0,0,1,0,0,0,0,1,0,0,0,0,0,1,0
2035000,"This is simply wrong in a country where thousands of people are sleeping on our streets and tens of thousands of children do not have a home.

https://t.co/ozx371yrj3",0,0,0,0,1,0,0,0,0,0,0,0,0,0,0,0,0,0,0,1,0,0,0,1,1,0,0,0,0,0,0,0,1,0,0,0,0,0
3181962,"RT @c_natacha: 'We already export without #TTIP'. Proclaimed benefits based on faith, not evidence. Go @ph_lamberts !! #POLSOFTTIP",0,0,0,0,0,0,0,0,1,0,0,0,0,0,0,0,0,0,0,0,0,0,0,0,0,0,0,1,0,0,0,0,0,0,0,0,0,0
607609,"My homeland is the people who do not confront homelands, flags or borders. People who weave justice so that no one humiliates their dignity before anyone.",0,0,0,0,0,0,0,0,0,0,0,0,0,1,0,0,0,0,0,1,0,0,0,0,0,0,0,0,0,0,0,0,1,0,0,0,0,1
2348671,"RT @TreasurySpox: It‚Äôs been two years since President @realdonaldtrump signed the historic Tax Cuts and Jobs Act! To celebrate, we‚Äôre kicki‚Ä¶",0,0,0,0,0,0,1,1,0,0,0,0,0,0,0,0,0,0,0,0,0,0,0,0,0,1,0,0,0,0,0,0,0,0,0,0,1,0
3393098,We expect to restart the social and economic reform process. Civil society has to be included. #FriendsofBiH 2/2 http://t.co/26764euE9v,0,0,0,0,0,1,0,0,0,1,0,0,0,1,0,0,0,0,0,0,0,0,0,0,1,0,0,0,1,0,0,0,0,0,0,0,0,0
2025659,Trade Unions such as Unison have given @UKLabour fantastic support and were integral to our achievements in the #GE2017 campaign. #UNDC17 https://t.co/tN1PSvreNT,0,0,0,0,0,0,0,0,0,0,0,0,0,0,0,0,1,0,0,0,0,0,0,0,0,0,1,0,0,0,0,0,0,0,0,0,1,0
1885931,XII European Economic Congress and European Tech and Start-Up Days will take place on 2-4 September 2020.,0,0,0,0,0,0,0,0,0,0,1,0,0,0,0,0,0,0,0,0,0,0,0,0,0,0,0,1,1,1,0,0,0,0,0,0,0,0
1868453,"Until September 2020, the European Commission will present a plan on increasing the CO2 emission reduction target to 2030 to 50-55 percent.Compared to 1990 levels - results from the draft climate law presented on Wednesday by the EC.Currently, this goal is 40 percent.",0,1,0,0,0,0,0,0,0,0,1,0,0,0,0,0,0,0,0,0,1,0,0,0,0,0,0,0,0,1,0,0,0,0,0,0,0,0
57797,"RT @strankasab: Margrethe @vestager is the best -rated and most popular European Commissioner.She, too, supports the @angelikamlinar and hi‚Ä¶",0,0,0,0,0,0,0,0,0,0,1,0,0,0,0,0,0,0,0,0,0,0,0,0,0,0,0,0,0,1,0,0,0,0,0,0,1,0
2121017,".@RepShelley: ‚ÄúRaising taxes on nearly a million"" small businesses would cost > 700,000 jobs http://t.co/hyKTSI1i #stopthetaxhike #4jobs",0,0,0,0,0,0,1,1,0,0,0,0,0,0,0,0,0,0,0,0,0,0,0,0,0,1,1,0,1,0,0,0,0,0,0,0,0,0
3395923,"#EU must be stronger on major issues (e.g. foreign affairs, security and defence) & withdraw where states can make better decisions themselves.2/2",0,0,0,0,0,0,0,0,0,0,1,0,0,0,0,0,0,0,0,0,0,0,0,0,0,0,0,1,0,1,0,0,0,0,0,0,0,0
3618438,At the #Gender and #Economics conf. in #Prishtina. Challenge your assumptions. Question the status quo /HG https://t.co/39xk8NoFT1,0,0,0,0,0,0,0,0,0,1,0,0,1,0,0,0,0,1,0,0,0,0,0,0,0,0,0,0,1,0,0,1,0,0,0,0,0,1
3325721,Official Note of the PCO repudes the repression of the PM on the act of the left day 7/9 in S. Paulo in Anhangaba√∫.We call all the left to repudiate PM's attempt to control the act.Freedom of manifestation.Outside D√≥ria!Outside PM!https://t.co/w9mtiahf12,0,0,0,0,0,0,0,0,0,0,0,0,0,0,0,0,0,0,1,0,0,0,0,0,0,0,0,0,0,0,0,0,1,1,0,0,0,1
3312725,"RT @RubenMugica: now in Andoain, tribute to Joseba Pagazaurtund√∫a #memoria https://t.co/sjjj31pnt",0,0,0,0,0,0,0,0,0,0,0,0,0,0,0,1,0,0,0,0,0,0,0,0,0,0,0,0,0,0,0,0,0,0,0,0,1,0
1379661,"RT @governosp: Employment Team trains 1,083 people and inserts 329 workers into the market in the first quarter http://t.co/W4deDzD1ha",0,0,0,0,0,0,0,1,0,0,0,0,0,0,0,0,0,0,0,0,0,0,0,0,0,0,1,0,0,0,0,0,0,0,0,0,0,0
1167084,I will choose ministers who are committed to the people. That they don't cut rights. I'm not going to nominate a banker for finance minister.,0,0,0,0,0,0,0,0,0,0,0,0,0,0,0,0,0,0,1,0,0,0,0,1,0,0,0,0,0,0,0,0,0,0,0,0,0,1
979391,RT @johnkgreens: .@senatormilne outstanding track-record of standing up for social justice & environment. Thank you for your leadership on ‚Ä¶,0,1,0,0,1,0,0,0,0,0,0,0,0,0,0,0,0,0,0,0,1,0,0,1,1,0,0,0,0,0,0,0,0,0,0,0,0,0
2135075,"RT @ingridlieten: We are investing ‚Ç¨950,000 in research into side effects of childhood cancer such as infertility.#kotk #fwo http:/ ...",0,0,0,0,0,0,0,0,0,0,0,1,0,0,0,0,0,0,0,0,0,0,0,0,0,0,0,0,0,0,1,1,0,0,0,0,0,0
966724,RT @MaudeBarlow: WIN! Victoria & Mid-Island Council chapters celebrate cancellation of permit for dump site at Shawnigan Lake https://t.co/‚Ä¶,0,1,0,0,0,0,0,0,0,0,0,0,0,0,0,0,0,0,0,0,1,0,0,0,0,0,0,0,0,0,0,0,0,0,0,0,0,0
298239,In Entrecampos to catch the train to #Set√∫bal.,0,0,0,0,0,0,0,0,0,0,0,0,0,0,0,1,0,0,0,0,0,0,0,0,0,0,0,0,0,0,0,0,0,0,1,0,0,0
3417438,Fantastic atmosphere at the Youth People's Meeting. An atmosphere characterized by respect and dialogue regardless of one's point of view. Our democracy at its best #dkpol ‚òÄÔ∏èüá©üá∞ https://t.co/HySp4gdbOE,0,0,0,0,0,0,0,0,0,0,0,0,0,0,1,1,0,0,0,0,0,0,0,0,0,0,0,0,0,0,0,0,0,1,1,0,0,0
1524324,"Today's jobs report is encouraging but w/many families in #NV & nationwide struggling, creating #jobs must remain #Congress's top priority",0,0,0,0,0,0,0,1,0,0,0,0,0,0,0,0,0,0,0,0,0,0,0,0,0,0,1,0,0,0,0,0,0,0,0,0,0,0
907149,World Day against #HIV #AIDS: the #UN calls to intensify testing and end stigma ‚ûî https://t.co/o2kC4EFiCn #JourneeMondialeDeLutteContreLeSida. #WorldAIDSDay‚Å†‚Å†‚Å†‚Å†‚Å†‚Å† @UNAIDS https://t.co/N2BkwLB1sR,0,0,0,0,0,0,0,0,0,0,1,0,0,0,0,0,0,0,0,0,0,0,0,0,0,0,0,0,0,0,1,0,0,0,0,0,0,0
3025367,"A great effort by women who develop digital content to make visible the work of women who participate in politics.
Thanks for what you do for everyone, @Wikimedia_mx @editatona! https://t.co/rv0i8dDNry",0,0,0,0,0,0,0,0,0,0,0,0,1,0,0,0,0,0,0,0,0,0,0,0,0,0,0,0,0,0,0,1,0,0,0,0,0,0
2661927,"Unacceptable and illegal actions of #GovernmentSpy; We demand punishment of those responsible and eradicate harassment of journalists, NGOs and political leaders.",0,0,0,0,0,0,0,0,0,0,0,0,0,0,0,0,0,0,1,0,0,0,0,0,0,0,0,0,0,0,0,0,1,1,0,0,0,1
2784174,RT @neos_eu: We are a citizen movement that is growing! 121 candidates can be pre-selected here: https://t.co/6WipF0EOtK @matstrolz‚Ä¶,0,0,0,0,0,0,0,0,0,0,0,0,0,0,0,0,1,1,0,0,0,0,0,0,0,0,0,0,0,0,0,0,0,0,0,1,1,0
2242317,"RT @infobarakaldo: Inauguration of the catwalk between #DesertuBerria and Murrieta, and elimination of an insecure point for women
üëâhttps:‚Ä¶",0,0,0,0,0,0,0,0,0,0,0,0,1,0,0,0,0,0,0,0,0,0,0,0,0,0,0,0,0,0,0,1,0,0,0,0,0,0
681720,"RT @CAREClimate: Inequality determines who eats what and when, & it also shapes how people are able to adapt to #climatechange https://t.co‚Ä¶",0,1,0,0,1,0,0,0,0,0,0,0,0,0,0,0,0,0,0,0,1,0,0,1,0,0,0,0,0,0,0,0,0,0,0,0,0,0
878934,"RT @zidandejan: From today, the Prekmurje monument on the Prekmurje market in Ljubljana.

Thanks to the Ljubljana and Ljubljana, thank you mayor Zoran Janko ...",0,0,0,0,0,0,0,0,0,0,0,0,0,0,0,1,0,0,0,0,0,0,0,0,0,0,0,0,0,0,0,0,0,0,1,0,0,0
604521,"RT @ricardorobleslx: Good morning.
People who are pushed out of their homes need more and better support. We propose a line with‚Ä¶",0,0,0,0,0,1,0,0,0,0,0,0,0,0,0,0,0,0,0,0,0,0,0,0,1,0,0,0,0,0,0,0,0,0,0,0,0,0
1777280,"RT @michaljadczak: I admit that my closest attitude towards Smolensk is expressed (I do not believe that I am writing this) .. PSL, which calls for silence ...",0,0,0,0,0,0,0,0,0,0,0,0,0,0,0,0,0,0,0,0,0,0,0,0,0,0,0,0,0,0,0,0,1,0,0,0,0,0
2624241,‚ÄúThe book that made a big impression on me is Le Camp des Saints by Jean Raspail. It describes how elites become complicit in migratory submergence. You have to read this book. ¬ª #64minutes @TV5MONDE,0,0,0,0,0,0,0,0,0,0,0,0,0,0,0,0,0,0,1,1,0,0,0,0,0,0,0,0,0,0,0,0,0,0,0,0,0,1
1852018,"Out of 22 million vehicles in Poland, only about 0.1 percent. are electric vehicles.",0,0,1,0,0,0,0,0,0,0,0,0,0,0,0,0,0,0,0,0,0,1,0,0,0,0,0,0,0,0,0,0,0,0,0,0,0,0
2069614,1.4 billion pounds of discarded carpets thrown into US landfills every year: Bill McDonough. We need to see old carpet as the raw material input for new carpet #WEF18 #Davos #Sustainability https://t.co/7TsNvgLYlN,0,1,1,0,0,0,0,0,0,0,0,0,0,0,0,0,0,0,0,0,1,1,0,0,0,0,0,0,0,0,0,0,0,0,0,0,0,0
1929087,"RT @PolpigPL: We encourage everyone to familiarize themselves with the latest price quotes for flocks and cereals in Poland and in the world.

‚û°Ô∏èhttps: //t.co/...",0,0,0,0,0,0,0,0,0,1,0,0,0,0,0,0,0,0,0,0,0,0,0,0,0,0,0,0,1,0,0,0,0,0,0,0,0,0
3718635,"http://t.co/WaDnLEzp / On the margins of a debate, there are sometimes abuses of gestures and words. Let us frame, without renouncing progress and debate.",0,0,0,0,0,0,0,0,0,0,0,0,0,1,1,0,0,0,0,0,0,0,0,0,0,0,0,0,0,0,0,0,1,1,0,0,0,0
3144620,Three proposals for the CD&V to pull the economic cart out of the doldrums again. Read https://t.co/ETx4Sdw6Ao | @cdenv #begov #budget https://t.co/CygIvlRS1m,0,0,0,0,0,0,0,0,0,1,0,0,0,0,0,0,0,0,0,0,0,0,0,0,0,0,0,0,1,0,0,0,0,0,0,0,0,0
1886238,"Burning biomass: If the government really cares about the development of renewable energy, and not the additional support of the carbon energy, it can be done cheaper and cleaner than by supporting co -firing of biomass with coal",0,1,1,0,0,0,0,0,0,0,0,0,0,0,0,0,0,0,0,0,1,1,1,0,0,0,0,0,0,0,0,0,0,0,0,0,0,0
2259302,"50 billion from the EIB, 20 billion from the structural funds and financial transaction tax are on the way, blocking of the debt redemption fund and MFF",0,0,0,0,0,0,1,0,0,1,0,0,0,0,0,0,0,0,0,0,0,0,0,0,0,1,0,0,1,0,0,0,0,0,0,0,0,0
1571285,"For people who claim to hate big government, Republicans love using it to try and make health care decisions for women. #GOPdebate",0,0,0,0,0,0,0,0,0,0,0,1,1,0,0,0,0,0,0,0,0,0,0,0,0,0,0,0,0,0,1,1,0,0,0,0,0,1
1256082,"RT @nuet: Tomorrow Saturday 29 I participate in Northern Catalonia in the event ""The situation of Catalan political prisoners, proof solidarity"" in Arg ...",0,0,0,0,0,0,0,0,0,0,0,0,0,0,1,0,0,0,0,0,0,0,0,0,0,0,0,0,0,0,0,0,1,1,0,0,0,0
990564,RT @CTV_PowerPlay: Today‚Äôs episode: New environmental assessment process & Don Martin‚Äôs Last Word ‚Äì find the podcast here https://t.co/0kWS‚Ä¶,0,1,0,0,0,0,0,0,0,0,0,0,0,0,0,0,0,1,0,0,1,1,0,0,0,0,0,0,0,0,0,0,0,0,0,0,0,0
108470,RT @Laurinkari: High-level Brussels book club meeting with @alexstubb . We appreciated the pictures. https://t.co/1e4YXENNfo,0,0,0,0,0,0,0,0,0,0,0,0,0,0,0,1,0,1,0,0,0,0,0,0,0,0,0,0,0,0,0,0,0,0,1,0,1,0
934953,"RT @kdriks: What #lss is about : Living, not just surviving. @EmmaHenriksson in today's debate. #svpol #funkpol #saveLSS https://t.co/fkn‚Ä¶",0,0,0,0,0,0,0,0,0,0,0,0,0,0,0,0,0,0,0,0,0,0,0,0,0,0,0,0,0,0,0,1,1,0,0,0,0,0
179361,"RT @Osinttechnical: Russian currency traders starting to take into account possible western sanctions. 

RUB/USD tanking. https://t.co/QAL4‚Ä¶",0,0,0,0,0,0,0,0,1,0,0,0,0,0,0,0,0,0,0,0,0,0,0,0,0,0,0,1,1,0,0,0,0,0,0,0,0,0
1043306,RT @SalishSeaFuture: Gale force winds in Haro Strait as I patiently wait for a glimpse of Southern Resident Killer Whales that were reporte‚Ä¶,0,1,0,0,0,0,0,0,0,0,0,0,0,0,0,0,0,0,0,0,1,0,0,0,0,0,0,0,0,0,0,0,0,0,0,0,0,0
3121632,Rt @vasalloum:. @ AlexBoulerice - It's incredible that we have to ask this question to the government: does the Real Prime Minister ...,0,0,0,0,0,0,0,0,0,0,0,0,0,0,0,0,0,0,1,0,0,0,0,0,0,0,0,0,0,0,0,0,0,0,0,0,0,1
960512,RT @globeandmail: B.C. Greens call LNG fatal to economy http://t.co/pGyyOcek3H,0,0,0,1,0,0,0,0,0,0,0,0,0,0,0,0,0,0,0,0,0,0,1,0,0,0,0,0,1,0,0,0,0,0,0,0,0,0
1981567,"""It's a time conducive to large intimate or social tilting"" - Interview in @LE_FIGARO
#Coronavirus # COVID19
https://t.co/kq3rzo6ykq",0,0,0,0,0,0,0,0,0,0,0,1,0,0,0,0,0,0,0,0,0,0,0,0,0,0,0,0,0,0,1,0,0,0,0,0,0,0
1659653,RT @Nova24TV: Orban has already informed @MiroCerar about closing the border with Croatia http://t.co/4QNBxlhxYH,1,0,0,0,0,0,0,0,0,0,0,0,0,0,0,0,0,0,0,1,0,0,0,0,0,0,0,0,0,0,0,0,0,0,0,0,0,0
788397,"When it comes to elections, education, and food assistance. When it comes to health care coverage, testing and tracing, and Medicaid.
 
Senate Republicans continue to pinch pennies during a national emergency.
 
We won't stop fighting to get Americans the relief they deserve.",0,0,0,0,0,1,0,0,0,0,0,1,0,0,0,0,1,0,0,0,0,0,0,0,1,0,0,0,0,0,1,0,0,0,0,1,0,0
3389519,"Re AFR story - The Govt has not suggested there will be any reduction in the 50% subsidy, that was a PC rec.  http://t.co/GIYAKZ0XIf",0,0,0,0,0,0,1,0,0,1,0,0,0,0,0,0,0,0,0,0,0,0,0,0,0,1,0,0,1,0,0,0,0,0,0,0,0,0
2976565,This award was given to me but it is yours. Thanks to everyone @la_tuerka @MonederoJC @ainhat @JorgeMoruno ... http://t.co/XDVCXwnkxI,0,0,0,0,0,0,0,0,0,0,0,0,0,0,0,0,0,1,0,0,0,0,0,0,0,0,0,0,0,0,0,0,0,0,0,0,1,0
2902220,"""Voting is the basis of democracy, when citizens think underscores in power by not voting, they keep the same on the orders, and abandon France to a destiny that is not his.

Abstention is the opposite of freedom ""

@radiocoury https://t.co/z3ajlna4gf",0,0,0,0,0,0,0,0,0,0,0,0,0,0,1,0,1,0,0,0,0,0,0,0,0,0,0,0,0,0,0,0,0,1,0,1,0,1
1740534,"RT @support__JP:. @ FaktPL: The tax-free amount has not changed for 6 years. The last increase (2009) was, note - PLN 2. # Palikot2015 http‚Ä¶",0,0,0,0,0,0,1,0,0,0,0,0,0,0,0,0,0,0,0,0,0,0,0,0,0,1,0,0,0,0,0,0,0,0,0,0,0,0
629373,"Dear @c_lindner, I am concerned about how you want to reinterpret the turnaround in a cultural struggle.The car is welcome to stay cult object, fossil fuels are not.This is Paris.We Greens want to use cars more efficiently & amp;So more space for everyone.@FDP & AMP;Efficiency - was there what?https://t.co/6waunshxn9",0,0,0,0,0,0,0,0,0,0,0,0,0,0,0,0,0,0,0,0,1,1,0,0,0,0,0,0,0,0,0,0,0,0,0,0,0,0
705500,RT @WorldBank: The challenge of providing affordable #housing for low-income city-dwellers is universal: https://t.co/elnpGI8azN https://t.‚Ä¶,0,0,0,0,1,1,0,0,0,0,0,0,0,0,0,0,0,0,0,0,0,0,0,1,1,0,0,0,0,0,0,0,0,0,0,0,0,0
519119,"We wanted + dumping defenses
The EU proposal was weak
We fought alone
They improved it
It still needs to improve.
That's all. https://t.co/5r1sus1zyO",0,0,0,0,0,0,0,0,0,0,1,0,0,0,0,0,0,0,0,0,0,0,0,0,0,0,0,0,0,1,0,0,0,0,0,0,0,1
2932413,Christians are the most persecuted religious group in the world. In many countries around the world they are threatened... https://t.co/b3m3P0PLKZ,0,0,0,0,0,0,0,0,0,0,0,0,0,1,0,0,0,0,0,0,0,0,0,0,0,0,0,0,0,0,0,0,1,0,0,0,0,0
860662,"RT @chertorivski: The institutional destruction of this government is serious, applying it in these circumstances to our health system is l ...",0,0,0,0,0,0,0,0,0,0,0,1,0,0,0,0,0,0,1,0,0,0,0,0,0,0,0,0,0,0,1,0,0,0,0,0,0,1
2392659,"2000 people in Turkey on trial for ""insulting Erdogan"". A president with‚Ä¶ https://t.co/9u3UFxvELD",0,0,0,0,0,0,0,0,0,0,0,0,0,1,1,0,0,0,0,0,0,0,0,0,0,0,0,0,0,0,0,0,1,1,0,0,0,0
3252312,"Circular of the @Viminale on #immigrants legally illegitimate. The #clandestines must be kept in the Cie, not in the hotels
ST",1,0,0,0,0,0,0,0,0,0,0,0,0,0,0,0,0,0,0,1,0,0,0,0,0,0,0,0,0,0,0,0,0,0,0,0,0,0
3151826,"Finally, the new red curries favor with the old black. That was it. The posts are filled, the reputation is ruined.",0,0,0,0,0,0,0,0,0,0,0,0,0,0,0,0,0,0,1,0,0,0,0,0,0,0,0,0,0,0,0,0,0,0,0,0,0,1
807061,". @Juanzepeda_ put the shirt with the number nine of @movciiudadanomx: Today our parliamentary group in the @Senadomexicano adds nine seats, we reaffirm ourselves as the fourth political force in the General Congress and we move forward as the opposition that Mexico needs.https://t.co/ORYO8CGPEY",0,0,0,0,0,0,0,0,0,0,0,0,0,0,0,0,1,1,0,0,0,0,0,0,0,0,0,0,0,0,0,0,0,0,0,1,1,0
735609,RT @Wilderness_Aus: In the wake of the summer #bushfires we must protect unburnt &amp; burnt forests for the recovery of #wildlife that has bee‚Ä¶,0,1,0,0,0,0,0,0,0,0,0,0,0,0,0,0,0,0,0,0,1,0,0,0,0,0,0,0,0,0,0,0,0,0,0,0,0,0
1348764,"RT @pvallin: With the family harassment of @IreneMontero and @PabloIglesias, one of the fateful pages of institutional politics was written in‚Ä¶",0,0,0,0,0,0,0,0,0,0,0,0,0,1,0,0,0,0,1,0,0,0,0,0,0,0,0,0,0,0,0,0,1,0,0,0,0,1
2513426,"I can not accept what is happening on the Polish-Belarusian border.I understand the weight of the security of our borders, but the administration of water, food and medicine needy is a normal, human reflex.Safety and humanity do not exclude.",0,0,0,0,0,0,0,0,0,0,0,0,0,1,0,0,0,0,0,1,0,0,0,0,0,0,0,0,0,0,0,0,1,0,0,0,0,0
1824587,Polonization differently?Naimski: We are open to foreign investors who want to invest in offshore in Poland,0,0,1,0,0,0,0,0,0,0,0,0,0,0,0,0,0,0,0,0,0,0,0,0,0,0,0,1,1,0,0,0,0,0,0,0,0,0
3738718,"RT @phh_Henry: Development of energy communities and sharing between end customers
üëâ get together around energy projects...",0,0,1,0,0,0,0,0,0,0,0,0,0,0,0,0,0,0,0,0,0,1,0,0,0,0,0,0,0,0,0,0,0,0,0,0,0,0
3720511,"RT @SergeSasseville: Really ? This kind of speech has no place In 2014 ""Resist Call of Marriage for Gays, Mormon Leader Says"" http://t.co/q‚Ä¶",0,0,0,0,0,0,0,0,0,0,0,0,1,1,0,0,0,0,0,0,0,0,0,0,0,0,0,0,0,0,0,1,1,0,0,0,0,0
1847672,"Investeu investment program instead of subscribed to EUR 30.3 billion will be 5.6 billion euros.
A slight reduction in the fund's reconstruction will touch fresh funds for cohesion policy.They will be reduced for all EURO Member States from EUR 50 billion to EUR 47.5 billion.",0,0,0,0,0,0,0,0,0,1,1,0,0,0,0,0,0,0,0,0,0,0,0,0,0,0,0,0,1,1,0,0,0,0,0,0,0,0
520281,Never made a woman pay in my life.Not even a journalist of the fact https://t.co/lcxct9rdh,0,0,0,0,0,0,0,0,0,0,0,0,1,0,0,0,0,0,0,0,0,0,0,0,0,0,0,0,0,0,0,1,0,0,0,0,0,0
3122389,RT @AnneKangMLA: Visited @TW_Vancouver this morning with @KatrinaCBurnaby to extend our condolences on the passing of former President Lee‚Ä¶,0,0,0,0,0,0,0,0,0,0,0,0,0,0,0,1,0,0,0,0,0,0,0,0,0,0,0,0,0,0,0,0,0,0,1,0,0,0
1797976,"4.90 PLN must be paid for 1 euro. The same was on February 20, 2004.",0,0,0,0,0,0,0,0,0,0,1,0,0,0,0,0,0,0,0,0,0,0,0,0,0,0,0,0,1,0,0,0,0,0,0,0,0,0
681525,RT @latrobe: A new PhD scholarship is available to work on a project about the history of workplace inequality in Australia & Britain. DM u‚Ä¶,0,0,0,0,1,0,0,1,0,0,0,0,0,0,0,0,0,0,0,0,0,0,0,1,0,0,1,0,0,0,0,0,0,0,0,0,0,0
2843837,The #GOPbudget will make it harder to live the American Dream. It‚Äôs time to invest in hardworking families. http://t.co/cA4Y0hmw0P,0,0,0,0,1,0,0,0,0,1,0,0,0,0,0,0,0,0,0,0,0,0,0,0,0,0,0,0,1,0,0,0,0,0,0,0,1,0
1890778,"Ukraine has a significant share in world trade in these products; for example, in the case of sunflower oil it is approx. 50%, in the case of sunflower meal - 60%, and in the case of maize and wheat, 16%, respectively. and 10 percent",0,0,0,0,0,0,0,0,1,0,0,0,0,0,0,0,0,0,0,0,0,0,0,0,0,0,0,1,0,0,0,0,0,0,0,0,0,0
1661353,RT @Nova24TV: Politicization and destruction of the diplomatic service will continue: Marta Kos Marko sent from Berlin to Switzerland! https://t.co‚Ä¶,0,0,0,0,0,0,0,0,0,0,0,0,0,0,0,0,0,0,1,0,0,0,0,0,0,0,0,0,0,0,0,0,0,0,0,0,0,1
334996,"""One-third of all U.S. presidents appointed a Supreme Court justice in an election year."" https://t.co/PY8dR1owzf (h/t @washingtonpost)",0,0,0,0,0,0,0,0,0,0,0,0,0,0,0,0,1,0,1,0,0,0,0,0,0,0,0,0,0,0,0,0,0,0,0,1,0,0
2750440,"#Salvini: 7 million Italians below the poverty line. Hunger, fear are the same all over the world, as a politician I think first of my people. #lariachetira https://t.co/RPjWbsftMA",0,0,0,0,1,1,0,0,0,0,0,0,0,0,0,0,0,0,0,0,0,0,0,1,1,0,0,0,0,0,0,0,0,0,0,0,0,0
3270162,Let's go well ... #votosubito https://t.co/gZ3gNjHz1S,0,0,0,0,0,0,0,0,0,0,0,0,0,0,0,0,1,1,0,0,0,0,0,0,0,0,0,0,0,0,0,0,0,0,0,1,1,0
2033400,"Education is not about personal advancement - it's a collective good that benefits our whole society.

Labour's National Education Service will invest in people so they can flourish and help create a fairer, more equal society. #SchoolCuts https://t.co/VBeWXTeWiL",0,0,0,0,1,1,0,0,0,0,0,0,0,0,0,0,0,0,0,0,0,0,0,1,1,0,0,0,0,0,0,0,0,0,0,0,0,0
2109679,"Our Build Back Better agenda takes on the existential threat of climate change directly by investing in clean energy, creating good-paying, union jobs, and working to stop the climate crisis‚Äôs most disastrous impacts on working families.",0,1,1,0,0,0,0,0,0,0,0,0,0,0,0,0,0,0,0,0,1,1,0,0,0,0,0,0,0,0,0,0,0,0,0,0,0,0
1729823,"History of my internment in martial law.#Korwin
‚úÖhttps: //t.co/conrtzoevx https://t.co/k3lpy84imw",0,0,0,0,0,0,0,0,0,0,0,0,0,1,0,0,0,0,0,0,0,0,0,0,0,0,0,0,0,0,0,0,1,0,0,0,0,0
1176414,"RT @EP_Slovenia: Tomorrow at the EU House we host #Euros a debate competition ü§© on the topic of migration and integration.With us will be teams of 10 schools, in the role ...",1,0,0,0,0,0,0,0,0,0,1,0,0,0,0,0,0,0,0,1,0,0,0,0,0,0,0,0,0,1,0,0,0,0,0,0,0,0
2674704,"RT @lasillarota: Energy reform, and the position of each party; @martibatres.#LaSillaRotaTV will be in an interview, today at 10 p.m., by ‚Ä¶",0,1,1,0,0,0,0,0,0,0,0,0,0,0,0,0,0,0,0,0,0,1,1,0,0,0,0,0,0,0,0,0,0,0,0,0,1,0
1776082,"RT @bankier_pl: Poland ""caught up"" with Europe. GDP grew as slowly as in the West https://t.co/z1HmK6qWoF",0,0,0,0,0,0,0,0,0,1,1,0,0,0,0,0,0,0,0,0,0,0,0,0,0,0,0,1,1,1,0,0,0,0,0,0,0,0
2286981,"Welcome to Canada, @sanchezcastejon! üá®üá¶üá™üá∏ https://t.co/MiC1kslcm4",0,0,0,0,0,0,0,0,0,0,0,0,0,0,0,1,0,0,0,0,0,0,0,0,0,0,0,0,0,0,0,0,0,0,1,0,0,0
2698687,My speech on Europe at the SPD federal party conference #spdbpt: Global problems cannot be solved nationally: https://t.co/KCk4kxNRWF,0,0,0,0,0,0,0,0,0,0,1,0,0,0,0,0,0,0,0,0,0,0,0,0,0,0,0,0,0,1,0,0,0,0,0,0,0,0
112103,"RT @VDombrovskis: Good to meet Werner Hoyer, President of @EIB. Discussed priorities in relation to financing the transition to climate neu‚Ä¶",0,1,1,0,0,0,0,0,0,0,0,0,0,0,0,0,0,1,0,0,1,1,0,0,0,0,0,0,0,0,0,0,0,0,0,0,0,0
2599373,On the microphone of #NovaPoliticaMG @_Heloisa_Helena (@silva_marina live on http://t.co/eNgiAsiz),0,0,0,0,0,0,0,0,0,0,0,0,0,0,0,1,0,1,0,0,0,0,0,0,0,0,0,0,0,0,0,0,0,0,1,0,1,0
3151935,Finally yellow! http://t.co/x57fgAh4Al,0,0,0,0,0,0,0,0,0,0,0,0,0,0,0,1,0,0,0,0,0,0,0,0,0,0,0,0,0,0,0,0,0,0,1,0,0,0
1392619,"RT @christenunie: Why do we fight against poverty, child labour, prostitution? 'Maggie' is the reason: http://t.co/ko1EOLWN @compassion_nl ...",0,0,0,0,1,1,0,0,0,0,0,0,0,0,0,0,0,0,0,0,0,0,0,1,1,0,0,0,0,0,0,0,1,0,0,0,0,0
1218791,"Well, but when will we have an infrastructure and ecological planning program to adapt to climate change...?",0,1,1,0,0,0,0,0,0,0,0,0,0,0,0,0,0,0,0,0,1,1,0,0,0,0,0,0,0,0,0,0,0,0,0,0,0,0
2967899,"Our Magna Carta is in full force and continues to be the best retaining wall against the enemies of freedom, exclusive nationalism and populism that goes against public liberties. We must strengthen the State and the Spanish Nation.

#40YearsOfConstitution https://t.co/DvLRC828sY",0,0,0,0,0,0,0,0,0,0,0,0,0,1,1,0,0,0,1,0,0,0,0,0,0,0,0,0,0,0,0,0,1,1,0,0,0,1
2996752,"RT @JPURIAS: Supreme attacks again.
That if to @alber_canarias do not throw it from parliament what a sense of all the numbers of condemnarl ...",0,0,0,0,0,0,0,0,0,0,0,0,0,1,0,0,0,0,0,0,0,0,0,0,0,0,0,0,0,0,0,0,1,0,0,0,0,0
1488964,RT @KristinaEriks10: Today I thank @vansterpartiet @Feministerna and @GronUngdom for saying yes to amnesty for the unaccompanied minors. #‚Ä¶,1,0,0,0,0,0,0,0,0,0,0,0,0,1,0,0,0,0,0,1,0,0,0,0,0,0,0,0,0,0,0,0,1,0,0,0,0,0
991705,RT @NatObserver: British Columbia has ordered the energy company behind the Coastal GasLink pipeline to go back and carry out more consulta‚Ä¶,0,0,0,1,0,0,0,0,0,0,0,0,0,0,0,0,0,0,0,0,0,1,1,0,0,0,0,0,0,0,0,0,0,0,0,0,0,0
2819856,"Additional taxation is unconstitutional stupidity. It would be enough not to circumvent the law, not to cheat, not to lie and not to cheat. But AB can't do any of that. https://t.co/1jmw1UdmWe",0,0,0,0,0,0,0,0,0,0,0,0,0,0,0,0,0,0,0,0,0,0,0,0,0,1,0,0,0,0,0,0,0,0,0,0,0,0
3706433,I am at a press conference where we demand before the media the CANCELLATION of the election for Governor by the State of Puebla due to the irregularities that occurred. https://t.co/TdVK8CQdvW,0,0,0,0,0,0,0,0,0,0,0,0,0,0,0,0,1,0,1,0,0,0,0,0,0,0,0,0,0,0,0,0,0,0,0,1,0,1
2872750,RT @Channel4News: .@NicolaSturgeon claims a Conservative victory would create a government ‚Äúthat just a few years ago Ukip could scarcely h‚Ä¶,0,0,0,0,0,0,0,0,0,0,0,0,0,0,0,0,1,0,0,0,0,0,0,0,0,0,0,0,0,0,0,0,0,0,0,1,1,0
786904,"I led a group of @SenateDems to inspect detention centers at our southern border

The searing accounts of conditions endured by migrant families are true

@realDonaldTrump‚Äôs administration must address this mistreatment of kids and families immediately.

https://t.co/JIEBw4u9BX",1,0,0,0,0,0,0,0,0,0,0,0,0,1,0,0,0,0,0,1,0,0,0,0,0,0,0,0,0,0,0,0,1,0,0,0,0,0
2777761,"The fact that the government is thinking of reviewing the prohibition of shift between municipalities for Christmas is not a victory of Salvini, I think it is a victory of common sense: we have asked Count do not penalize those who live in the province and follow the examples of other European countries.",0,0,0,0,0,0,0,0,0,0,1,0,0,1,0,0,0,0,0,0,0,0,0,0,0,0,0,0,0,1,0,0,1,0,0,0,0,0
735424,RT @CarbonBubble: Plans to fast-track a pipeline of #solar and #wind projects in Australia &amp; inject as much as A$50 billion into the econom‚Ä¶,0,1,1,0,0,0,0,0,0,1,0,0,0,0,0,0,0,0,0,0,1,1,0,0,0,0,0,0,0,0,0,0,0,0,0,0,0,0
1066176,RT @L_Switty: The need to urgently increase #ODSP rates has hit crisis levels. The only party to adequately address this is in their platfo‚Ä¶,0,0,0,0,0,0,0,0,0,1,0,0,0,0,0,0,0,0,0,0,0,0,0,0,0,0,0,0,1,0,0,0,0,0,0,1,0,0
1482515,"RT @MartinJordo: One of @Feministerna's most important demands in police policy!

https://t.co/E8RdUVTbw0",0,0,0,0,0,0,0,0,0,0,0,0,1,0,0,0,0,0,0,0,0,0,0,0,0,0,0,0,0,0,0,1,0,0,0,0,0,0
2520954,Today the integration of #ALDF shows the democratic plurality of the inhabitants of #CDMX; each expression will be heard by @ManceraMiguelMX,0,0,0,0,0,0,0,0,0,0,0,0,0,0,1,0,1,0,0,0,0,0,0,0,0,0,0,0,0,0,0,0,0,1,0,1,0,0
1606164,RT @NPD_QG: It is clear that the United States is no longer a safe country for migrant children and asylum seekers. Canada must know‚Ä¶,1,0,0,0,0,0,0,0,0,0,0,0,0,0,0,0,0,0,0,1,0,0,0,0,0,0,0,0,0,0,0,0,1,0,0,0,0,0
2213039,"The FAT (Worker Support Fund) resulted from an amendment of my own, in the Constituent Assembly; and also the law that allowed it to be used in qualification",0,0,0,0,0,1,0,1,0,0,0,0,0,0,0,0,0,0,0,0,0,0,0,0,1,0,1,0,0,0,0,0,0,0,0,0,0,0
983039,RT @berndchristmas: Reuters is reporting that the Energy East Pipeline may be delayed for upto two years due to a number of regulatory issu‚Ä¶,0,0,0,1,0,0,0,0,0,0,0,0,0,0,0,0,0,0,0,0,0,1,1,0,0,0,0,0,0,0,0,0,0,0,0,0,0,0
2557971,"RT @vonderleyen: We can never match the sacrifice of the Ukrainian people.
¬†
But we are mobilizing our economic power to make Putin pay.

W‚Ä¶",0,0,0,0,0,0,0,0,1,1,0,0,0,0,0,0,0,0,0,0,0,0,0,0,0,0,0,1,1,0,0,0,0,0,0,0,0,1
3587767,RT @thei100: Welcome to the hotel in Vienna run by refugees http://t.co/cbbv7oHuub http://t.co/JWpaxRomSR,1,0,0,0,0,0,0,0,0,0,0,0,0,0,0,0,0,0,0,1,0,0,0,0,0,0,0,0,0,0,0,0,0,0,0,0,0,0
460042,Something extraordinarily important happened in this campaign ‚Äì something that I had not anticipated. #OurRevolution https://t.co/SVhldvMZXZ,0,0,0,0,0,0,0,0,0,0,0,0,0,0,0,0,1,1,0,0,0,0,0,0,0,0,0,0,0,0,0,0,0,0,0,1,1,0
999805,RT @GreenPartyAB: The staggeringly stupid move by the UCP to end tax credits for our emergent high tech industry proves that they are incom‚Ä¶,0,0,0,0,0,0,1,0,0,0,0,0,0,0,0,0,0,0,1,0,0,0,0,0,0,1,0,0,0,0,0,0,0,0,0,0,0,1
1918513,Chinese Prime Minister Li Keqiang on Monday maintained the 2018 growth target for the Chinese economy at around 6.5%. and announced a decrease in energy consumption per unit of GDP by 3%,0,0,0,1,0,0,0,0,0,1,0,0,0,0,0,0,0,0,0,0,0,1,1,0,0,0,0,0,1,0,0,0,0,0,0,0,0,0
265716,"Putin's war is a disgrace in the history of our continent.

The EU and Sweden must put a total stop to Russian oil and gas. Not a single penny should go to Putin's war machine.

Read longer text on FB: https://t.co/oirtzuveFf",0,0,0,0,0,0,0,0,1,0,1,0,0,0,0,0,0,0,0,0,0,0,0,0,0,0,0,0,0,1,0,0,0,0,0,0,0,1
1302287,"The situation in Gaza is ""a growing humanitarian emergency"", some 2 thousand people have been left homeless: UN http://t.co/mPVFzAduHJ",0,0,0,0,0,0,0,0,0,0,0,0,0,1,0,0,0,0,0,0,0,0,0,0,1,0,0,0,0,0,0,0,1,0,0,0,0,0
570108,"RT @inmujeres: Today is #OrangeDay. Even the figures of gender violence are worrying, a scourge that is experienced in everyday life,...",0,0,0,0,0,0,0,0,0,0,0,0,1,0,0,0,0,0,0,0,0,0,0,0,0,0,0,0,0,0,0,1,1,0,0,0,0,0
722805,"RT @wnhynd: Oceans suffocating as huge dead zones quadruple since 1950 due to fossil fuel burning #ClimateChange
#auspol @PaulHBeckwith
@Ec‚Ä¶",0,1,1,1,0,0,0,0,0,0,0,0,0,0,0,0,0,0,0,0,1,1,1,0,0,0,0,0,0,0,0,0,0,0,0,0,0,0
3397984,"I spoke to Chancellor Angela Merkel today & congratulated her on her re-election. That there is now a new and stable government in
#Germany exists, is important for Germany and for us as a neighbor and necessary for the EU. I look forward to further cooperation with BK Angela #Merkel!",0,0,0,0,0,0,0,0,0,0,1,0,0,0,0,0,0,1,0,0,0,0,0,0,0,0,0,0,0,1,0,0,0,0,0,0,1,0
79295,RT @D66: #D66 wants National Refugee Action Plan. @APechtold @nrcnext: together looking for similarities instead of differences. https://t.co/s‚Ä¶,1,0,0,0,0,0,0,0,0,0,0,0,0,0,0,0,0,0,0,1,0,0,0,0,0,0,0,0,0,0,0,0,0,0,0,0,0,0
1018751,RT @allan_crawshaw: Blueberry First Nations warned of COVID-19 threat ~ now the pandemic has reached them ~ In a March 30 letter to #BCNDP‚Ä¶,0,0,0,0,0,0,0,0,0,0,0,1,0,0,0,0,0,0,0,0,0,0,0,0,0,0,0,0,0,0,1,0,0,0,0,0,0,0
2696720,#Kristallnacht: What happened seventy-five years ago must never and will never be forgotten. Learn lessons of brutal episode.,0,0,0,0,0,0,0,0,0,0,0,0,0,1,0,0,0,0,0,0,0,0,0,0,0,0,0,0,0,0,0,0,1,0,0,0,0,0
803206,RT @MirzaFloresG: .@Clementacos new president of the Consultative Council of Jalisco @ClementeCH @DanteDelgado https://t.co/8nbdRFaDwW,0,0,0,0,0,0,0,0,0,0,0,0,0,0,0,0,0,1,0,0,0,0,0,0,0,0,0,0,0,0,0,0,0,0,0,0,1,0
3044906,Our job is to foster an environment in which American workers can thrive & compete on a level playing field. https://t.co/tR5OveAeFg,0,0,0,0,1,1,0,1,0,0,0,0,0,0,0,0,0,0,0,0,1,1,0,0,0,0,1,0,0,0,0,0,0,0,0,0,0,0
2123697,GDP growth weaker now than in 2010 when President Obama said stopping tax hikes was necessary ‚Äòto help the economy‚Äô http://t.co/yjIfMbuS,0,0,0,0,0,0,1,0,0,1,0,0,0,0,0,0,0,0,0,0,0,0,0,0,0,1,0,0,1,0,0,0,0,0,0,0,0,0
1828933,"Zgorzelski: Poles get rich not thanks to money from the state, but thanks to their hard work.Welfare cannot be declared.Employees' shock on employers does not bring us closer to him",0,0,0,0,0,1,0,1,0,0,0,0,0,0,0,0,0,0,0,0,0,0,0,1,1,0,1,0,0,0,0,0,0,0,0,0,0,0
1630875,"- United States Government officialized on the night of Wednesday, 07/31, the nomination of Brazil as an extra-key preferred ally, a measure more than important for our defense.üëç",0,0,0,0,0,0,0,0,1,0,0,0,0,0,0,0,0,0,0,0,0,0,0,0,0,0,0,1,0,0,0,0,0,0,0,0,0,0
1023417,Very important article. Coastal Gas Link does *not* have all permits. #WetsuwenStrong #GPC  https://t.co/h6esbtvB0c,0,0,0,1,0,0,0,0,0,0,0,0,0,0,0,0,0,0,0,0,0,0,1,0,0,0,0,0,0,0,0,0,0,0,0,0,0,0
3144438,6.2 billion ‚Ç¨ notional interest / year. Versus 1.25 md ‚Ç¨ / yr needed to raise all benefits above the poverty line. Government makes choices,0,0,0,0,1,1,0,0,0,1,0,0,0,0,0,0,0,0,0,0,0,0,0,1,1,0,0,0,1,0,0,0,0,0,0,0,0,0
3393978,"Relations with CZ are also important for the topic of integration: 42,000 people in Austria with a Czech migration background",1,0,0,0,0,0,0,0,0,0,0,0,0,0,0,0,0,0,0,1,0,0,0,0,0,0,0,0,0,0,0,0,0,0,0,0,0,0
454979,RT @TimAsheVT: Senator Bernie Sanders speaks to a packed house yesterday at CVU. http://t.co/rEPP4QpdsW,0,0,0,0,0,0,0,0,0,0,0,0,0,0,0,0,1,1,0,0,0,0,0,0,0,0,0,0,0,0,0,0,0,0,0,1,1,0
2613970,‚ÄúThey have constantly exploded #immigration in recent years by deeply destabilizing Libya and Syria‚Äù #ConfMLP,1,0,0,0,0,0,0,0,0,0,0,0,0,0,0,0,0,0,0,1,0,0,0,0,0,0,0,0,0,0,0,0,0,0,0,0,0,0
1872939,The chiefs of the most energy-intensive companies in Poland postulate the suspension of power fee to the end of 2021 and to develop solutions that reduce the severity of this fee for large electricity consumption.They would have to pay over PLN 1 billion annually.,0,0,0,1,0,0,0,0,0,1,0,0,0,0,0,0,0,0,0,0,0,1,1,0,0,0,0,0,1,0,0,0,0,0,0,0,0,0
2102805,"Pension Reform is necessary to have a fair and sustainable pension system. The current model is full of privileges that make the deficit grow year after year.

https://t.co/pV40p20Wtt",0,0,0,0,0,1,0,0,0,1,0,0,0,0,0,0,0,0,0,0,0,0,0,1,1,0,0,0,0,0,0,0,0,0,0,0,0,0
1869153,"The recession in the production and trade sector will probably maintain, with a commercial shock of USD 26 billion per week due to blockages in China and global growth, barely persisting at 2% in the first quarter of 2020 - evaluate experts from Euler Hermes.",0,0,0,0,0,0,0,0,1,1,0,0,0,0,0,0,0,0,0,0,0,0,0,0,0,0,0,1,1,0,0,0,0,0,0,0,0,0
3405612,"RT @ecologiEnergie: [#QAG] ""the question of the relationship between oceans and land surfaces will be at the heart of #COP21 in Paris"" @RoyalSeg‚Ä¶",0,1,1,0,0,0,0,0,0,0,0,0,0,0,0,0,0,0,0,0,1,0,0,0,0,0,0,0,0,0,0,0,0,0,0,0,0,0
3637247,RT @FCINTERofficial: Today is International Childhood Cancer Day. Inter wants to remember child patients and their families. Good luck! http‚Ä¶,0,0,0,0,0,0,0,0,0,0,0,1,0,0,0,0,0,0,0,0,0,0,0,0,0,0,0,0,0,0,1,0,0,0,0,0,0,0
3014193,RT @SeGobCDMX: With @INVICDMX and @ContraloriaCDMX we took 5 brigades to camps to bring income support to those who do not yet have it‚Ä¶,0,0,0,0,1,1,0,0,0,0,0,0,0,0,0,0,0,0,0,0,0,0,0,1,1,0,0,0,0,0,0,0,0,0,0,0,0,0
132963,"Canada did $2,000/monthly. The US is the richest nation on earth and a 2nd stimulus check is getting blocked bc GOP want corporate bailouts &amp; austerity in ‚Äúexchange‚Äù for it.

Maybe if everyone in the US incorporated as an LLC, Mitch McConnell would actually do something for them.",0,0,0,0,1,0,0,0,0,1,0,0,0,0,0,0,0,0,1,0,0,0,0,1,0,0,0,0,0,0,0,0,0,0,0,0,0,1
3401029,Emergency solutions must be taken. Like the requisition of part of the cereal harvest which is exported.,0,0,0,0,0,0,0,0,1,0,0,0,0,0,0,0,0,0,0,0,0,0,0,0,0,0,0,1,1,0,0,0,0,0,0,0,0,0
2468289,"And with today we close a fantastic tour among the citizens of Lombardy. From Milan to Brescia via Novate, ... http://t.co/XxUQpwnbls",0,0,0,0,0,0,0,0,0,0,0,0,0,0,0,1,0,1,0,0,0,0,0,0,0,0,0,0,0,0,0,0,0,0,1,0,1,0
1714733,RT @pers_luka: Milan in Ale≈° üòéüëá https://t.co/MDQ05Ufec7,0,0,0,0,0,0,0,0,0,0,0,0,0,0,0,1,0,0,0,0,0,0,0,0,0,0,0,0,0,0,0,0,0,0,1,0,0,0
2539060,"Rt @joaquimcoll: forceful and convincing intervention of prosecutors in the trial of the process.In my modest opinion, there was a coup ...",0,0,0,0,0,0,0,0,0,0,0,0,0,0,0,0,0,0,1,0,0,0,0,0,0,0,0,0,0,0,0,0,0,0,0,0,0,1
2967323,"üìΩ On the fourth anniversary of the illegal imprisonment of @leopoldolopez, we are concerned that fraudulent elections have been called to Cubanize Venezuela even more and plunge a country that has great resources into misery. https://t.co/qHi03PeE17",0,0,0,0,0,0,0,0,0,0,0,0,0,0,1,0,1,0,1,0,0,0,0,0,0,0,0,0,0,0,0,0,0,1,0,1,0,1
3148618,"PVDA wants to tackle poverty with 'integrated neighbourhoods': ""Create a good social fabric"" @gva
Read: https://t.co/hz8hGOfbrD",0,0,0,0,1,1,0,0,0,0,0,0,0,0,0,0,0,0,0,0,0,0,0,1,1,0,0,0,0,0,0,0,0,0,0,0,0,0
3253090,"RT @LegaNordMilano: #Lombardia Approval #referendum #Autonomy. Historic day, first step towards the future of #independence http: //t.co‚Ä¶",0,0,0,0,0,0,0,0,0,0,0,0,0,0,0,0,1,0,0,0,0,0,0,0,0,0,0,0,0,0,0,0,0,0,0,1,0,0
764455,RT @billmckibben: Important new campaign from @350_US--America's central bank could play a huge role in reining in the rogue oil companies,0,0,0,1,0,0,0,0,0,1,0,0,0,0,0,0,0,0,0,0,0,0,1,0,0,0,0,0,1,0,0,0,0,0,0,0,0,0
2061627,"NOT ROCKET SCIENCE Vermont's Electric Utility Retrofits Homes, Financing It on Bills, Which DECREASE! @GovPeterShumlin #CSOTA #energy",0,0,1,1,0,0,0,0,0,0,0,0,0,0,0,0,0,0,0,0,0,1,1,0,0,0,0,0,0,0,0,0,0,0,0,0,0,0
3510188,RT @Petervlichix: It was quite a few people from the start that there would be a subscription without the end date on vaccines.That saw ...,0,0,0,0,0,0,0,0,0,0,0,1,0,0,0,0,0,0,0,0,0,0,0,0,0,0,0,0,0,0,1,0,0,0,0,0,0,0
543030,"Thank you.I am against body shaming, I think you are a slut etc.I point out however that I have no problems with my belly, also because he hasn't my wife.I add that when the politicians were out of shape they were also quite cute than those of today.https://t.co/Spufnneivm",0,0,0,0,0,0,0,0,0,0,0,0,1,1,0,0,0,0,0,0,0,0,0,0,0,0,0,0,0,0,0,1,1,0,0,0,0,1
849075,"#Milano, attacked and couched a woman right in the center: acquitted by the 31-year-old Bengali court.A Fury of #giustizia missed the state loses pieces and citizens trust.Laxism kills, sometimes literally.
Penis certain and #ToleranzaZero #imigruti
https://t.co/FLD5BNLZB6",0,0,0,0,0,0,0,0,0,0,0,0,0,0,0,0,0,0,1,0,0,0,0,0,0,0,0,0,0,0,0,1,1,0,0,0,0,1
1420966,"#Coronavirus, an update from civil protection: https://t.co/okhjo7iz1t https://t.co/75l2Teixfh",0,0,0,0,0,0,0,0,0,0,0,1,0,0,0,0,0,0,0,0,0,0,0,0,0,0,0,0,0,0,1,0,0,0,0,0,0,0
1852026,"The Union will make it difficult to finance ""dirty"" projects will be new criteria.Coal excluded",0,0,0,1,0,0,0,0,0,0,0,0,0,0,0,0,0,0,0,0,0,0,1,0,0,0,0,0,0,1,0,0,0,0,0,0,0,0
449739,"RT @ NicolaMorra63: ‚Äã‚Äã#Trivellopoli, for those who have lost it here is the video of my intervention from the oil plants in Basilicata, ... http ...",0,0,0,1,0,0,0,0,0,0,0,0,0,0,0,0,0,1,0,0,0,0,1,0,0,0,0,0,0,0,0,0,0,0,0,0,1,0
2525721,Check the #GOCDMX July 15 https://t.co/wLlClsGTdg,0,0,0,0,0,0,0,0,0,0,0,0,0,0,0,1,0,0,0,0,0,0,0,0,0,0,0,0,0,0,0,0,0,0,1,0,0,0
3691575,"Always willing to further reduce the number of MPs, as was done together with the 6th state reform (-40). But whoever wants to return to 1 parliament must also drop all Community bolts. Simple majority is enough! Is that also in the proposal, @kristofcalvo?",0,0,0,0,0,0,0,0,0,0,0,0,0,0,1,0,1,0,0,0,0,0,0,0,0,0,0,0,0,0,0,0,0,1,0,1,0,0
2378051,"Better than the election compass I made as party leader. Then I became an environmentalist. üòÑ
http://t.co/HPTXiAmg6g via @svtnyheter",0,1,0,0,0,0,0,0,0,0,0,0,0,0,0,0,1,0,0,0,1,0,0,0,0,0,0,0,0,0,0,0,0,0,0,1,1,0
3175434,"The Prime Minister has convinced that the matter is okay and the rule of law is coming to the EU budget.Does Finland, however, give up?This cannot be accepted.The mechanism is indispensable to make the money out of those that are not interested in common values.https://t.co/v6xtjn9z8l",0,0,0,0,0,0,0,0,0,0,1,0,0,0,0,0,0,0,1,0,0,0,0,0,0,0,0,0,0,1,0,0,0,0,0,0,0,1
2228509,"üìå Saying that the entire population in Mexico is vaccinated against COVID-19 is a fallacy and a lie, you cannot speak in the plural if there is a sector that is not immunized, which in this case is girls and boys.

‚úçÔ∏è My column for today
@Reporte_Indigo üëâhttps://t.co/BJL283WvuD https://t.co/c0VSryXYbb",0,0,0,0,0,0,0,0,0,0,0,1,0,0,0,0,0,0,0,0,0,0,0,0,0,0,0,0,0,0,1,1,0,0,0,0,0,0
2816211,"Today I am attending the strategic conference of the Slovenian State Holding. #SDH makes sure that the country is an active, responsible and careful manager. https://t.co/7ZptiHcfre",0,0,0,0,0,0,0,0,0,0,0,0,0,0,0,0,0,1,0,0,0,0,0,0,0,0,0,0,0,0,0,0,0,0,0,0,1,0
1386313,"We have important opportunities in Brazil in the area of ‚Äã‚Äãconcessions and Public-Private Partnerships (PPP's) in the areas of logistics, transport and sanitation.",0,0,0,0,0,1,0,0,0,1,0,0,0,0,0,0,0,0,0,0,0,0,0,0,1,0,0,0,1,0,1,0,0,0,0,0,0,0
179482,RT @Osinttechnical: UAE Ambassador Al Otaiba: ‚ÄúWe favor production increases and will be encouraging OPEC to consider higher production lev‚Ä¶,0,0,0,0,0,0,0,0,1,0,0,0,0,0,0,0,0,0,0,0,0,0,0,0,0,0,0,1,0,0,0,0,0,0,0,0,0,0
3646712,"The German SPD, Greens and FDP have reached a preliminary matching government program for key boundary conditions.

Greens have a big achievement to get past coal down to eight years by 2030. At the same time, climate actions are made.

This relevant to the EU.",0,1,1,0,0,0,0,0,0,0,0,0,0,0,0,0,0,0,0,0,1,1,0,0,0,0,0,0,0,1,0,0,0,0,0,0,0,0
1798123,"RT @Sadowki: We have a victory in the fight for VAT.The Sejm introduced the amendment, maintaining VAT at 5 percent.Now it's time for the Senate.",0,0,0,0,0,0,1,0,0,0,0,0,0,0,0,0,0,0,0,0,0,0,0,0,0,1,0,0,0,0,0,0,0,0,0,0,0,0
304921,CU motion to strengthen the position of informal carers has unfortunately been rejected by the CDA/VVD/PVV vote against. Certainly not important enough.,0,0,0,0,0,1,0,0,0,0,0,0,0,0,0,0,0,0,0,0,0,0,0,0,1,0,0,0,0,0,0,0,0,0,0,0,0,0
651575,#Toll debate in #ltnrw: @arminlaschet defends freedom of movement on country roads. Just why not on the freeways? CSU trophy must go.CL,0,0,0,0,0,0,0,0,0,0,0,0,0,1,0,0,0,0,0,0,0,0,0,0,0,0,0,0,0,0,0,0,1,1,0,0,0,0
595314,"RT @hsmendes: Never enough RT @dveconomia
 IMF: Greece must 'do more' to receive bailout http://t.co/VO77rWoR",0,0,0,0,0,0,0,0,0,1,0,0,0,0,0,0,0,0,0,0,0,0,0,0,0,0,0,1,1,0,0,0,0,0,0,0,0,0
3637506,"RT @jemustakallio: Now we don't need bluffing and giggling, but responsible and sustainable politics, says @VilleNiinisto in the delegation...",0,0,0,0,0,0,0,0,0,0,0,0,0,0,0,0,0,0,1,0,1,0,0,0,0,0,0,0,0,0,0,0,0,0,0,0,0,1
1060449,RT @szemanimre: There's no contradiction between a greener world and building an economy that works better for everyone. @Kumari_Devyani @C‚Ä¶,0,1,1,0,0,0,0,0,0,0,0,0,0,0,0,0,0,0,0,0,1,1,0,0,0,0,0,0,0,0,0,0,0,0,0,0,0,0
310996,Surely it is time for a government that promotes feminism? http://t.co/961adOICjZ,0,0,0,0,0,0,0,0,0,0,0,0,1,0,0,0,0,0,0,0,0,0,0,0,0,0,0,0,0,0,0,1,0,0,0,0,0,0
1293057,"We pay for this financial Paracetamol at a price of gold, with our social rights and public services. referendum !",0,0,0,0,1,1,0,0,0,0,0,1,0,0,0,0,0,0,0,0,0,0,0,1,1,0,0,0,1,0,1,0,0,0,0,0,0,0
2348224,"RT @SenatorTimScott: Through yesterday, the PPP approved 22,933 loans for more than $3.8b in South Carolina. $3.8b to ensure workers get th‚Ä¶",0,0,0,0,0,0,0,1,0,1,0,0,0,0,0,0,0,0,0,0,0,0,0,0,0,0,1,0,1,0,0,0,0,0,0,0,1,0
2925340,"Will the real @stephenfry please stand up? Is he an Extinction Rebellion trendy, or happy to appear in adverts for Heathrow Airport... https://t.co/W9l4hkQxht",0,1,0,0,0,0,0,0,0,0,0,0,0,0,0,0,0,0,1,0,0,0,0,0,0,0,0,0,0,0,0,0,0,0,0,0,0,1
2535083,"The tax created a rift between the left and the people. Removing the housing tax is a good measure, I support it #RTLMatin https://t.co/Dnss7Gs76l",0,0,0,0,0,0,1,0,0,0,0,0,0,0,0,0,0,0,0,0,0,0,0,0,0,1,0,0,0,0,0,0,0,0,0,0,0,0
